"year","FLake","GLM","GOTM","MyLake","Obs","Simstrat","mean"
2015,6.75577802192874,9.09892778992653,12.6514634737154,1.28767251968384,11.5425000190735,15.1354512586826,8.98585861278743
2016,11.6963098152824,8.21066157789115,11.2596930265427,1.28767251968384,14.5219780429379,14.9789456906526,9.48665652601053
2017,6.92555328037428,8.3903462804597,10.9854810186054,1.28767251968384,13.9686111079322,13.0113804133042,8.12008670248549
2018,8.12286903547204,8.28995739027511,10.7704479590706,1.28767251968384,12.570543455041,11.0712522009145,7.90843982108322
2019,4.83895772954692,8.42036550385611,11.0514869897262,1.28767251968384,13.3004347759744,14.1823586588321,7.95616828032902
