"year","FLake","GLM","GOTM","MyLake","Obs","Simstrat","mean"
2015,17.7388095913864,20.0258430600166,22.7961414151075,23.144556627041,19.7015622854233,22.3903537610682,21.2191408909239
2016,20.7281903080318,20.403792473207,23.1056762778241,23.3676942327748,22.0865935231303,22.5638694452203,22.0338445474116
2017,20.4966250917186,19.574033331597,22.1271612851516,22.6483553596165,22.5524999830458,21.9373260684635,21.3567002273094
2018,21.2656598505767,21.1826966751453,23.5485826575238,23.941791202711,22.6569564238839,23.3067065529201,22.6490873877754
2019,21.2288435438405,20.790036712374,23.1298990664275,23.7106784944949,22.1621739242388,22.8820978040281,22.348311124233
