wind_speed,swr,LAKE_PARAMS/c_relax_C,par_id
1.1995,1.1185,0.0005644,p01
1.4484,0.9027,0.0051198,p02
1.3922,0.62209,0.00039619,p03
0.62171,0.88984,0.00017664,p04
0.99063,1.2122,0.0016178,p05
1.0416,1.0164,0.00015493,p06
0.8636,0.74984,0.0011276,p07
1.292,0.57238,0.00068038,p08
0.71928,1.4446,0.0069211,p09
0.53254,1.3122,0.0028822,p10
