"year","FLake","GLM","GOTM","MyLake","Obs","Simstrat","mean"
2007,8.46107395835545,13.1506410370702,12.6336922230928,11.7649502391401,10.7625000476837,11.1979060794996,11.4416527074316
2008,5.38018158207769,12.7699584960938,12.855837231097,12.4662389029627,12.0093257775467,12.4836434592371,11.1911719342937
2014,10.2323213141897,14.0541170369024,12.7564287911291,11.7222635953323,14.7000000817435,13.1064586432084,12.3743178761524
