"year","FLake","GLM","GOTM","MyLake","Obs","Simstrat","mean"
2007,19.4231304189433,21.8295930364858,21.4892047591831,21.8815690330837,23.7849998474121,22.361076168392,21.3969146832176
2008,19.8966065178747,22.189152593198,21.6329615012459,22.247794928758,21.5998876335916,22.5481304396754,21.7029291961504
2014,18.8066629741503,19.8458969074747,21.0526538931805,21.5404257981674,22.0514284951346,21.7790108970974,20.604930094014
