wind_speed,swr,LAKE_PARAMS/c_relax_C,par_id
0.92877,1.4723,0.00023983,p01
1.3895,1.3516,0.00066903,p02
1.2526,0.70564,0.0044073,p03
1.1468,0.60386,0.006893,p04
0.60174,0.95621,0.0022367,p05
1.4204,0.80773,0.00011996,p06
0.53856,1.1295,0.00045767,p07
0.89152,0.51903,0.0025764,p08
1.0663,1.061,0.00027693,p09
0.77451,1.227,0.0012985,p10
